{
    "accuracy": [
        0.5282635688781738,
        0.5980637073516846,
        0.6113366484642029,
        0.641630232334137,
        0.682073712348938
    ],
    "loss": [
        0.6854641437530518,
        0.6585140824317932,
        0.6459000110626221,
        0.6244656443595886,
        0.5995284914970398
    ],
    "val_accuracy": [
        0.5971267819404602,
        0.6096189618110657,
        0.6652092337608337,
        0.6777014136314392,
        0.6908182501792908
    ],
    "val_loss": [
        0.6576934456825256,
        0.6480374932289124,
        0.6255396604537964,
        0.6001611351966858,
        0.5722373127937317
    ],
    "final": {
        "train_accuracy": 0.682073712348938,
        "train_loss": 0.5995284914970398
    }
}