{
    "accuracy": [
        0.5735999941825867,
        0.6201500296592712,
        0.6622999906539917,
        0.6793500185012817,
        0.6973000168800354
    ],
    "loss": [
        0.6742649674415588,
        0.6435636281967163,
        0.6148606538772583,
        0.5992916226387024,
        0.5845890641212463
    ],
    "val_accuracy": [
        0.6075999736785889,
        0.6448000073432922,
        0.6923999786376953,
        0.6988000273704529,
        0.7161999940872192
    ],
    "val_loss": [
        0.6555936932563782,
        0.6299915313720703,
        0.5908355712890625,
        0.5803671479225159,
        0.563256025314331
    ],
    "final": {
        "train_accuracy": 0.6973000168800354,
        "train_loss": 0.5845890641212463
    }
}